3	1.989100000000e+30	0.000000000000e+00	0.000000000000e+00	0.000000000000e+00	0.000000000000e+00	0.000000000000e+00	0.000000000000e+00	0.000000000000e+00	0.000000000000e+00	0.000000000000e+00	5.972000000000e+24	1.496000000000e+11	0.000000000000e+00	0.000000000000e+00	0.000000000000e+00	2.978000000000e+04	0.000000000000e+00	0.000000000000e+00	0.000000000000e+00	0.000000000000e+00	7.342000000000e+22	1.499844000000e+11	0.000000000000e+00	0.000000000000e+00	0.000000000000e+00	3.080200000000e+04	0.000000000000e+00	0.000000000000e+00	0.000000000000e+00	0.000000000000e+00
3	1.989100000000e+30	9.193746787353e-01	5.980764176867e-04	0.000000000000e+00	1.802694899337e-04	1.759048099662e-07	0.000000000000e+00	3.585736031710e+22	6.997843239410e+19	0.000000000000e+00	5.972000000000e+24	1.495996991742e+11	2.977998179684e+08	0.000000000000e+00	-5.898544733741e+01	2.977994646123e+04	0.000000000000e+00	-3.522610914267e+22	-6.394696404738e+19	0.000000000000e+00	7.342000000000e+22	1.499839614736e+11	3.080186033592e+08	0.000000000000e+00	-8.598407692882e+01	3.080158923051e+04	0.000000000000e+00	-6.312511744314e+20	-6.031468346721e+18	0.000000000000e+00
3	1.989100000000e+30	3.641441313837e+00	4.786044735186e-03	0.000000000000e+00	3.605382859758e-04	7.107983839588e-07	0.000000000000e+00	3.585715257410e+22	1.413847361023e+20	0.000000000000e+00	5.972000000000e+24	1.495988084940e+11	5.955985432993e+08	0.000000000000e+00	-1.179708945998e+02	2.977978365683e+04	0.000000000000e+00	-3.522610904336e+22	-1.292023730510e+20	0.000000000000e+00	7.342000000000e+22	1.499826631862e+11	6.160288245028e+08	0.000000000000e+00	-1.719493609955e+02	3.080034040235e+04	0.000000000000e+00	-6.310435307464e+20	-1.218236305128e+19	0.000000000000e+00
3	1.989100000000e+30	8.166189318171e+00	1.615378339003e-02	0.000000000000e+00	5.408056727901e-04	1.604678684848e-06	0.000000000000e+00	3.585680254406e+22	2.127904957629e+20	0.000000000000e+00	5.972000000000e+24	1.495973279592e+11	8.933950832963e+08	0.000000000000e+00	-1.769563414996e+02	2.977951157795e+04	0.000000000000e+00	-3.522610867461e+22	-1.944648853848e+20	0.000000000000e+00	7.342000000000e+22	1.499805054244e+11	9.240222863539e+08	0.000000000000e+00	-2.578764956619e+02	3.079825429211e+04	0.000000000000e+00	-6.306938694542e+20	-1.832561037806e+19	0.000000000000e+00
3	1.989100000000e+30	1.449360095127e+01	3.829114318339e-02	0.000000000000e+00	7.210709350463e-04	2.857542250984e-06	0.000000000000e+00	3.585631022837e+22	2.841954280243e+20	0.000000000000e+00	5.972000000000e+24	1.495952575700e+11	1.191188345143e+09	0.000000000000e+00	-2.359417873421e+02	2.977913020954e+04	0.000000000000e+00	-3.522610773047e+22	-2.597381788289e+20	0.000000000000e+00	7.342000000000e+22	1.499774886682e+11	1.231990622359e+09	0.000000000000e+00	-3.437461576388e+02	3.079533221669e+04	0.000000000000e+00	-6.302024979025e+20	-2.445724919542e+19	0.000000000000e+00
3	1.989100000000e+30	2.262365131940e+01	7.478793303489e-02	0.000000000000e+00	9.013333574225e-04	4.469384196197e-06	0.000000000000e+00	3.585567562906e+22	3.555992495358e+20	0.000000000000e+00	5.972000000000e+24	1.495925973264e+11	1.488977235841e+09	0.000000000000e+00	-2.949272308113e+02	2.977863953042e+04	0.000000000000e+00	-3.522610577735e+22	-3.250259144118e+20	0.000000000000e+00	7.342000000000e+22	1.499736135908e+11	1.539925481880e+09	0.000000000000e+00	-4.295390744213e+02	3.079157603141e+04	0.000000000000e+00	-6.295698517111e+20	-3.057333512403e+19	0.000000000000e+00
3	1.989100000000e+30	3.255630837567e+01	1.292339057374e-01	0.000000000000e+00	1.081592224609e-03	6.440198209799e-06	0.000000000000e+00	3.585489874872e+22	4.270016769471e+20	0.000000000000e+00	5.972000000000e+24	1.495893472284e+11	1.786760662149e+09	0.000000000000e+00	-3.539126697570e+02	2.977803951330e+04	0.000000000000e+00	-3.522610225521e+22	-3.903317306483e+20	0.000000000000e+00	7.342000000000e+22	1.499688810576e+11	1.847818535568e+09	0.000000000000e+00	-5.152360416760e+02	3.078698812734e+04	0.000000000000e+00	-6.287964935103e+20	-3.666994629888e+19	0.000000000000e+00
3	1.989100000000e+30	4.429153292016e+01	2.052187437120e-01	0.000000000000e+00	1.261846821309e-03	8.769976556593e-06	0.000000000000e+00	3.585397959056e+22	4.984024269093e+20	0.000000000000e+00	5.972000000000e+24	1.495855072760e+11	2.084537530523e+09	0.000000000000e+00	-4.128981009844e+02	2.977733012482e+04	0.000000000000e+00	-3.522609647924e+22	-4.556592378908e+20	0.000000000000e+00	7.342000000000e+22	1.499632921257e+11	2.155661480703e+09	0.000000000000e+00	-6.008179404315e+02	3.078157142780e+04	0.000000000000e+00	-6.278831113176e+20	-4.274318901847e+19	0.000000000000e+00
3	1.989100000000e+30	5.782927860007e+01	3.063320447626e-01	0.000000000000e+00	1.442096432245e-03	1.145871007688e-05	0.000000000000e+00	3.585291815840e+22	5.698012160744e+20	0.000000000000e+00	5.972000000000e+24	1.495810774693e+11	2.382306747052e+09	0.000000000000e+00	-4.718835200467e+02	2.977651132559e+04	0.000000000000e+00	-3.522608764184e+22	-5.210120128205e+20	0.000000000000e+00	7.342000000000e+22	1.499568480429e+11	2.463446046495e+09	0.000000000000e+00	-6.862657540231e+02	3.077532938419e+04	0.000000000000e+00	-6.268305165641e+20	-4.878920325390e+19	0.000000000000e+00
3	1.989100000000e+30	7.316949190994e+01	4.361633078313e-01	0.000000000000e+00	1.622340342161e-03	1.450638818644e-05	0.000000000000e+00	3.585171445664e+22	6.411977610966e+20	0.000000000000e+00	5.972000000000e+24	1.495760578085e+11	2.680067217403e+09	0.000000000000e+00	-5.308689210417e+02	2.977558307027e+04	0.000000000000e+00	-3.522607481485e+22	-5.863935931057e+20	0.000000000000e+00	7.342000000000e+22	1.499495502465e+11	2.771163999338e+09	0.000000000000e+00	-7.715605847457e+02	3.076826597099e+04	0.000000000000e+00	-6.256396417809e+20	-5.480416799085e+19	0.000000000000e+00
3	1.989100000000e+30	9.031211219186e+01	5.983019187533e-01	0.000000000000e+00	1.802577835823e-03	1.791299887661e-05	0.000000000000e+00	3.585036849027e+22	7.125917786316e+20	0.000000000000e+00	5.972000000000e+24	1.495704482939e+11	2.977817846759e+09	0.000000000000e+00	-5.898542964118e+02	2.977454530765e+04	0.000000000000e+00	-3.522605695231e+22	-6.518074722515e+20	0.000000000000e+00	7.342000000000e+22	1.499414003620e+11	3.078807148017e+09	0.000000000000e+00	-8.566836701676e+02	3.076038568011e+04	0.000000000000e+00	-6.243115379645e+20	-6.078430638007e+19	0.000000000000e+00
3	1.989100000000e+30	1.092570716357e+02	7.963371360120e-01	0.000000000000e+00	1.982808198023e-03	2.167852871420e-05	0.000000000000e+00	3.584888026490e+22	7.839829853377e+20	0.000000000000e+00	5.972000000000e+24	1.495642489256e+11	3.275557539761e+09	0.000000000000e+00	-6.488396367495e+02	2.977339798069e+04	0.000000000000e+00	-3.522603289327e+22	-7.172570946658e+20	0.000000000000e+00	7.342000000000e+22	1.499324002021e+11	3.386367348848e+09	0.000000000000e+00	-9.416163990658e+02	3.075169351451e+04	0.000000000000e+00	-6.228473716351e+20	-6.672589067192e+19	0.000000000000e+00
3	1.989100000000e+30	1.300042952794e+02	1.033858076494e+00	0.000000000000e+00	2.163030713585e-03	2.580296284158e-05	0.000000000000e+00	3.584724978673e+22	8.553710978759e+20	0.000000000000e+00	5.972000000000e+24	1.495574597042e+11	3.573285200449e+09	0.000000000000e+00	-7.078249306075e+02	2.977214102664e+04	0.000000000000e+00	-3.522600136513e+22	-7.827458509626e+20	0.000000000000e+00	7.342000000000e+22	1.499225517646e+11	3.693836510752e+09	0.000000000000e+00	-1.026340326939e+03	3.074219498121e+04	0.000000000000e+00	-6.212484216085e+20	-7.262524691332e+19	0.000000000000e+00
3	1.989100000000e+30	1.525537010093e+02	1.314453701246e+00	0.000000000000e+00	2.343244667364e-03	3.028628497666e-05	0.000000000000e+00	3.584547706255e+22	9.267558329101e+20	0.000000000000e+00	5.972000000000e+24	1.495500806302e+11	3.870999732209e+09	0.000000000000e+00	-7.668101643145e+02	2.977077437711e+04	0.000000000000e+00	-3.522596098705e+22	-8.482770735237e+20	0.000000000000e+00	7.342000000000e+22	1.499118572306e+11	4.001206600260e+09	0.000000000000e+00	-1.110837191062e+03	3.073189608363e+04	0.000000000000e+00	-6.195160755019e+20	-7.847875938647e+19	0.000000000000e+00
3	1.989100000000e+30	1.769051995606e+02	1.641712801227e+00	0.000000000000e+00	2.523449344251e-03	3.512847741294e-05	0.000000000000e+00	3.584356209974e+22	9.981369071078e+20	0.000000000000e+00	5.972000000000e+24	1.495421117042e+11	4.168700037714e+09	0.000000000000e+00	-8.257953217973e+02	2.976929795819e+04	0.000000000000e+00	-3.522591027374e+22	-9.138540323366e+20	0.000000000000e+00	7.342000000000e+22	1.499003189632e+11	4.308469646433e+09	0.000000000000e+00	-1.195088925050e+03	3.072080331337e+04	0.000000000000e+00	-6.176518259961e+20	-8.428287477114e+19	0.000000000000e+00
3	1.989100000000e+30	2.030586945173e+02	2.019223983068e+00	0.000000000000e+00	2.703644029177e-03	4.032952101946e-05	0.000000000000e+00	3.584150490628e+22	1.069514037140e+21	0.000000000000e+00	5.972000000000e+24	1.495335529270e+11	4.466385018869e+09	0.000000000000e+00	-8.847803844093e+02	2.976771169055e+04	0.000000000000e+00	-3.522584763941e+22	-9.794799311260e+20	0.000000000000e+00	7.342000000000e+22	1.498879395049e+11	4.615617745701e+09	0.000000000000e+00	-1.279077672893e+03	3.070892364143e+04	0.000000000000e+00	-6.156572668772e+20	-9.003410601412e+19	0.000000000000e+00
3	1.989100000000e+30	2.310140823133e+02	2.450575654827e+00	0.000000000000e+00	2.883828007112e-03	4.588939524091e-05	0.000000000000e+00	3.583930549075e+22	1.140886939683e+21	0.000000000000e+00	5.972000000000e+24	1.495244042999e+11	4.764053576761e+09	0.000000000000e+00	-9.437653307655e+02	2.976601548956e+04	0.000000000000e+00	-3.522577140187e+22	-1.045157903792e+21	0.000000000000e+00	7.342000000000e+22	1.498747215756e+11	4.922643066609e+09	0.000000000000e+00	-1.362785802443e+03	3.069626450896e+04	0.000000000000e+00	-6.135340888833e+20	-9.572903589100e+19	0.000000000000e+00
3	1.989100000000e+30	2.607712522321e+02	2.939356011742e+00	0.000000000000e+00	3.064000563073e-03	5.180807809756e-05	0.000000000000e+00	3.583696386231e+22	1.212255331416e+21	0.000000000000e+00	5.972000000000e+24	1.495146658239e+11	5.061704611601e+09	0.000000000000e+00	-1.002750136585e+03	2.976420926540e+04	0.000000000000e+00	-3.522567978693e+22	-1.110891011168e+21	0.000000000000e+00	7.342000000000e+22	1.498606680706e+11	5.229537854470e+09	0.000000000000e+00	-1.446195918318e+03	3.068283381750e+04	0.000000000000e+00	-6.112840753809e+20	-1.013643202486e+20	0.000000000000e+00
3	1.989100000000e+30	2.923300864078e+02	3.489153021992e+00	0.000000000000e+00	3.244160982123e-03	5.808554618538e-05	0.000000000000e+00	3.583448003071e+22	1.283618929026e+21	0.000000000000e+00	5.972000000000e+24	1.495043375007e+11	5.359337022679e+09	0.000000000000e+00	-1.061734774541e+03	2.976229292318e+04	0.000000000000e+00	-3.522557093281e+22	-1.176682238108e+21	0.000000000000e+00	7.342000000000e+22	1.498457820575e+11	5.536294435918e+09	0.000000000000e+00	-1.529290874213e+03	3.066863991883e+04	0.000000000000e+00	-6.089090978989e+20	-1.069366909183e+20	0.000000000000e+00
3	1.989100000000e+30	3.256904598253e+02	4.103554412449e+00	0.000000000000e+00	3.424308549377e-03	6.472177467598e-05	0.000000000000e+00	3.583185400630e+22	1.354977449203e+21	0.000000000000e+00	5.972000000000e+24	1.494934193322e+11	5.656949708309e+09	0.000000000000e+00	-1.120719214116e+03	2.976026636309e+04	0.000000000000e+00	-3.522544289476e+22	-1.242534490911e+21	0.000000000000e+00	7.342000000000e+22	1.498300667744e+11	5.842905223356e+09	0.000000000000e+00	-1.612053784585e+03	3.065369160442e+04	0.000000000000e+00	-6.064111115459e+20	-1.124429582921e+20	0.000000000000e+00
3	1.989100000000e+30	3.608522403210e+02	4.786147654439e+00	0.000000000000e+00	3.604442550003e-03	7.171673731671e-05	0.000000000000e+00	3.582908580002e+22	1.426330608646e+21	0.000000000000e+00	5.972000000000e+24	1.494819113204e+11	5.954541565782e+09	0.000000000000e+00	-1.179703421471e+03	2.975812948053e+04	0.000000000000e+00	-3.522529364968e+22	-1.308450595090e+21	0.000000000000e+00	7.342000000000e+22	1.498135256266e+11	6.149362719296e+09	0.000000000000e+00	-1.694468035719e+03	3.063799809459e+04	0.000000000000e+00	-6.037921503387e+20	-1.178800135566e+20	0.000000000000e+00
3	1.989100000000e+30	3.978152885831e+02	5.540519949498e+00	0.000000000000e+00	3.784562269223e-03	7.907040643065e-05	0.000000000000e+00	3.582617542337e+22	1.497678124059e+21	0.000000000000e+00	5.972000000000e+24	1.494698134678e+11	6.252111491321e+09	0.000000000000e+00	-1.238687359315e+03	2.975588216621e+04	0.000000000000e+00	-3.522512110090e+22	-1.374433293479e+21	0.000000000000e+00	7.342000000000e+22	1.497961621842e+11	6.455659520596e+09	0.000000000000e+00	-1.776517296144e+03	3.062156902737e+04	0.000000000000e+00	-6.010543224697e+20	-1.232448305804e+20	0.000000000000e+00
3	1.989100000000e+30	4.365794581526e+02	6.370258215129e+00	0.000000000000e+00	3.964666992324e-03	8.678275291667e-05	0.000000000000e+00	3.582312288846e+22	1.569019712155e+21	0.000000000000e+00	5.972000000000e+24	1.494571257775e+11	6.549658380030e+09	0.000000000000e+00	-1.297670986785e+03	2.975352430634e+04	0.000000000000e+00	-3.522492308292e+22	-1.440485244698e+21	0.000000000000e+00	7.342000000000e+22	1.497779801793e+11	6.761788322575e+09	0.000000000000e+00	-1.858185526408e+03	3.060441444712e+04	0.000000000000e+00	-5.981998055404e+20	-1.285344674571e+20	0.000000000000e+00
3	1.989100000000e+30	4.771445954234e+02	7.278949070559e+00	0.000000000000e+00	4.144756004649e-03	9.485374624943e-05	0.000000000000e+00	3.581992820799e+22	1.640355089652e+21	0.000000000000e+00	5.972000000000e+24	1.494438482526e+11	6.847181125857e+09	0.000000000000e+00	-1.356654259339e+03	2.975105578276e+04	0.000000000000e+00	-3.522469736621e+22	-1.506609021951e+21	0.000000000000e+00	7.342000000000e+22	1.497589835026e+11	7.067741923017e+09	0.000000000000e+00	-1.939456988195e+03	3.058654479298e+04	0.000000000000e+00	-5.952308417880e+20	-1.337460677016e+20	0.000000000000e+00
3	1.989100000000e+30	5.195105396433e+02	8.270178822500e+00	0.000000000000e+00	4.324828591610e-03	1.032833544795e-04	0.000000000000e+00	3.581659139523e+22	1.711683973282e+21	0.000000000000e+00	5.972000000000e+24	1.494299808970e+11	7.144678621542e+09	0.000000000000e+00	-1.415637128649e+03	2.974847647305e+04	0.000000000000e+00	-3.522444166190e+22	-1.572807112175e+21	0.000000000000e+00	7.342000000000e+22	1.497391762008e+11	7.373513226062e+09	0.000000000000e+00	-2.020316252804e+03	3.056797088714e+04	0.000000000000e+00	-5.921497333336e+20	-1.388768611068e+20	0.000000000000e+00
3	1.989100000000e+30	5.636771229147e+02	9.347533450905e+00	0.000000000000e+00	4.504884038688e-03	1.120715442333e-04	0.000000000000e+00	3.581311246402e+22	1.783006079781e+21	0.000000000000e+00	5.972000000000e+24	1.494155237150e+11	7.442149758582e+09	0.000000000000e+00	-1.474619542507e+03	2.974578625073e+04	0.000000000000e+00	-3.522415362655e+22	-1.639081915519e+21	0.000000000000e+00	7.342000000000e+22	1.497185624731e+11	7.679095245976e+09	0.000000000000e+00	-2.100748208972e+03	3.054870392311e+04	0.000000000000e+00	-5.889588374743e+20	-1.439241642627e+20	0.000000000000e+00
3	1.989100000000e+30	6.096441701947e+02	1.051459859473e+01	0.000000000000e+00	4.684921631432e-03	1.212182807132e-04	0.000000000000e+00	3.580949142881e+22	1.854321125900e+21	0.000000000000e+00	5.972000000000e+24	1.494004767114e+11	7.739593427190e+09	0.000000000000e+00	-1.533601444738e+03	2.974298498533e+04	0.000000000000e+00	-3.522383086676e+22	-1.705435745151e+21	0.000000000000e+00	7.342000000000e+22	1.496971466684e+11	7.984481110804e+09	0.000000000000e+00	-2.180738070071e+03	3.052875545382e+04	0.000000000000e+00	-5.856605620500e+20	-1.488853807492e+20	0.000000000000e+00
3	1.989100000000e+30	6.574114992969e+02	1.177495953770e+01	0.000000000000e+00	4.864940655467e-03	1.307235276978e-04	0.000000000000e+00	3.580572830460e+22	1.925628828398e+21	0.000000000000e+00	5.972000000000e+24	1.493848398917e+11	8.037008516253e+09	0.000000000000e+00	-1.592582775121e+03	2.974007254264e+04	0.000000000000e+00	-3.522347094369e+22	-1.771870827388e+21	0.000000000000e+00	7.342000000000e+22	1.496749332816e+11	8.289664065899e+09	0.000000000000e+00	-2.260271380674e+03	3.050813737981e+04	0.000000000000e+00	-5.822573609051e+20	-1.537580010094e+20	0.000000000000e+00
3	1.989100000000e+30	7.069789208910e+02	1.313220119404e+01	0.000000000000e+00	5.044940396495e-03	1.405872475414e-04	0.000000000000e+00	3.580182310698e+22	1.996928904046e+21	0.000000000000e+00	5.972000000000e+24	1.493686132618e+11	8.334393913298e+09	0.000000000000e+00	-1.651563469313e+03	2.973704878474e+04	0.000000000000e+00	-3.522307137751e+22	-1.838389302129e+21	0.000000000000e+00	7.342000000000e+22	1.496519269504e+11	8.594637477346e+09	0.000000000000e+00	-2.339334022511e+03	3.048686193742e+04	0.000000000000e+00	-5.787517294702e+20	-1.585396019169e+20	0.000000000000e+00
3	1.989100000000e+30	7.583462385045e+02	1.458990809429e+01	0.000000000000e+00	5.224920140297e-03	1.508094011747e-04	0.000000000000e+00	3.579777585211e+22	2.068221069629e+21	0.000000000000e+00	5.972000000000e+24	1.493517968286e+11	8.631748504455e+09	0.000000000000e+00	-1.710543458788e+03	2.973391357024e+04	0.000000000000e+00	-3.522262965162e+22	-1.904993223581e+21	0.000000000000e+00	7.342000000000e+22	1.496281324522e+11	8.899394835254e+09	0.000000000000e+00	-2.417912219836e+03	3.046494168705e+04	0.000000000000e+00	-5.751462004875e+20	-1.632278460481e+20	0.000000000000e+00
3	1.989100000000e+30	8.115132485229e+02	1.615166437100e+01	0.000000000000e+00	5.404879172737e-03	1.613899481045e-04	0.000000000000e+00	3.579358655674e+22	2.139505041945e+21	0.000000000000e+00	5.972000000000e+24	1.493343905993e+11	8.929071174422e+09	0.000000000000e+00	-1.769522670780e+03	2.973066675436e+04	0.000000000000e+00	-3.522214321684e+22	-1.971684561269e+21	0.000000000000e+00	7.342000000000e+22	1.496035547001e+11	9.203929756938e+09	0.000000000000e+00	-2.495992544221e+03	3.044238950160e+04	0.000000000000e+00	-5.714433398984e+20	-1.678204806762e+20	0.000000000000e+00
3	1.989100000000e+30	8.664797401909e+02	1.782105374456e+01	0.000000000000e+00	5.584816779766e-03	1.723288464138e-04	0.000000000000e+00	3.578925523817e+22	2.210780537806e+21	0.000000000000e+00	5.972000000000e+24	1.493163945823e+11	9.226360806432e+09	0.000000000000e+00	-1.828501028224e+03	2.972730818910e+04	0.000000000000e+00	-3.522160949526e+22	-2.038465201305e+21	0.000000000000e+00	7.342000000000e+22	1.495781987399e+11	9.508235989990e+09	0.000000000000e+00	-2.573561918804e+03	3.041921855495e+04	0.000000000000e+00	-5.676457429152e+20	-1.723153365009e+20	0.000000000000e+00
3	1.989100000000e+30	9.232454956130e+02	1.960165950890e+01	0.000000000000e+00	5.764732247421e-03	1.836260527622e-04	0.000000000000e+00	3.578478191429e+22	2.282047274040e+21	0.000000000000e+00	5.972000000000e+24	1.492978087863e+11	9.523616282225e+09	0.000000000000e+00	-1.887478449722e+03	2.972383772337e+04	0.000000000000e+00	-3.522102588399e+22	-2.105336947907e+21	0.000000000000e+00	7.342000000000e+22	1.495520697462e+11	9.812307415225e+09	0.000000000000e+00	-2.650607622011e+03	3.039544231076e+04	0.000000000000e+00	-5.637560302939e+20	-1.767103261333e+20	0.000000000000e+00
3	1.989100000000e+30	9.818102897548e+02	2.149706451731e+01	0.000000000000e+00	5.944624861832e-03	1.952815223854e-04	0.000000000000e+00	3.578016660354e+22	2.353304967491e+21	0.000000000000e+00	5.972000000000e+24	1.492786332213e+11	9.820836482011e+09	0.000000000000e+00	-1.946454849494e+03	2.972025520315e+04	0.000000000000e+00	-3.522038975871e+22	-2.172301525137e+21	0.000000000000e+00	7.342000000000e+22	1.495251730191e+11	1.011613804953e+10	0.000000000000e+00	-2.727117290794e+03	3.037107451139e+04	0.000000000000e+00	-5.597768448259e+20	-1.810034423540e+20	0.000000000000e+00
3	1.989100000000e+30	1.042173890443e+03	2.351085116817e+01	0.000000000000e+00	6.124493909224e-03	2.072952090959e-04	0.000000000000e+00	3.577540932494e+22	2.424553335020e+21	0.000000000000e+00	5.972000000000e+24	1.492588678979e+11	1.011802028445e+10	0.000000000000e+00	-2.005430137354e+03	2.971656047156e+04	0.000000000000e+00	-3.521969847687e+22	-2.239360578859e+21	0.000000000000e+00	7.342000000000e+22	1.494975139804e+11	1.041972204858e+10	0.000000000000e+00	-2.803078923396e+03	3.034612916714e+04	0.000000000000e+00	-5.557108480629e+20	-1.851927561613e+20	0.000000000000e+00
3	1.989100000000e+30	1.104336058369e+03	2.564660139071e+01	0.000000000000e+00	6.304338675915e-03	2.196670652825e-04	0.000000000000e+00	3.577051009807e+22	2.495792093507e+21	0.000000000000e+00	5.972000000000e+24	1.492385128276e+11	1.041516656661e+10	0.000000000000e+00	-2.064404218675e+03	2.971275336905e+04	0.000000000000e+00	-3.521894938078e+22	-2.306515678872e+21	0.000000000000e+00	7.342000000000e+22	1.494690981703e+11	1.072305370948e+10	0.000000000000e+00	-2.878480881699e+03	3.032062054575e+04	0.000000000000e+00	-5.515607172889e+20	-1.892764146355e+20	0.000000000000e+00
3	1.989100000000e+30	1.168296547085e+03	2.790789663081e+01	0.000000000000e+00	6.484158448329e-03	2.323970419108e-04	0.000000000000e+00	3.576546894309e+22	2.567020959852e+21	0.000000000000e+00	5.972000000000e+24	1.492175680232e+11	1.071227420397e+10	0.000000000000e+00	-2.123376994370e+03	2.970883373352e+04	0.000000000000e+00	-3.521813980033e+22	-2.373768321217e+21	0.000000000000e+00	7.342000000000e+22	1.494399312431e+11	1.102612747329e+10	0.000000000000e+00	-2.953311893167e+03	3.029456316215e+04	0.000000000000e+00	-5.473291427517e+20	-1.932526386354e+20	0.000000000000e+00
3	1.989100000000e+30	1.234055103009e+03	3.029831783674e+01	0.000000000000e+00	6.663952512988e-03	2.454850885234e-04	0.000000000000e+00	3.576028588069e+22	2.638239650974e+21	0.000000000000e+00	5.972000000000e+24	1.491960334980e+11	1.100934207035e+10	0.000000000000e+00	-2.182348360870e+03	2.970480140040e+04	0.000000000000e+00	-3.521726705553e+22	-2.441119930623e+21	0.000000000000e+00	7.342000000000e+22	1.494100189643e+11	1.132893792743e+10	0.000000000000e+00	-3.027561052437e+03	3.026797176864e+04	0.000000000000e+00	-5.430188251634e+20	-1.971197203517e+20	0.000000000000e+00
3	1.989100000000e+30	1.301611465427e+03	3.282144544493e+01	0.000000000000e+00	6.843720156521e-03	2.589311532396e-04	0.000000000000e+00	3.575496093216e+22	2.709447883816e+21	0.000000000000e+00	5.972000000000e+24	1.491739092669e+11	1.130636903794e+10	0.000000000000e+00	-2.241318210114e+03	2.970065620280e+04	0.000000000000e+00	-3.521632845868e+22	-2.508571863078e+21	0.000000000000e+00	7.342000000000e+22	1.493793672065e+11	1.163147980801e+10	0.000000000000e+00	-3.101217822587e+03	3.024086134530e+04	0.000000000000e+00	-5.386324734788e+20	-2.008760207383e+20	0.000000000000e+00
3	1.989100000000e+30	1.370965366489e+03	3.548085936575e+01	0.000000000000e+00	7.023460665666e-03	2.727351827556e-04	0.000000000000e+00	3.574949411932e+22	2.780645375342e+21	0.000000000000e+00	5.972000000000e+24	1.491511953455e+11	1.160335397721e+10	0.000000000000e+00	-2.300286429535e+03	2.969639797163e+04	0.000000000000e+00	-3.521532131636e+22	-2.576125408495e+21	0.000000000000e+00	7.342000000000e+22	1.493479819457e+11	1.193374800207e+10	0.000000000000e+00	-3.174272036118e+03	3.021324709085e+04	0.000000000000e+00	-5.341728029589e+20	-2.045199668475e+20	0.000000000000e+00
3	1.989100000000e+30	1.442116531214e+03	3.828013896929e+01	0.000000000000e+00	7.203173327271e-03	2.868971223450e-04	0.000000000000e+00	3.574388546457e+22	2.851831842541e+21	0.000000000000e+00	5.972000000000e+24	1.491278917506e+11	1.190029575698e+10	0.000000000000e+00	-2.359252902052e+03	2.969202653568e+04	0.000000000000e+00	-3.521424293104e+22	-2.643781793454e+21	0.000000000000e+00	7.342000000000e+22	1.493158692578e+11	1.223573754971e+10	0.000000000000e+00	-3.246713895701e+03	3.018514441380e+04	0.000000000000e+00	-5.296425335241e+20	-2.080500490865e+20	0.000000000000e+00
3	1.989100000000e+30	1.515064677490e+03	4.122286307111e+01	0.000000000000e+00	7.382857428299e-03	3.014169158585e-04	0.000000000000e+00	3.573813499084e+22	2.923007002427e+21	0.000000000000e+00	5.972000000000e+24	1.491039985005e+11	1.219719324430e+10	0.000000000000e+00	-2.418217506063e+03	2.968754172175e+04	0.000000000000e+00	-3.521309060244e+22	-2.711542184002e+21	0.000000000000e+00	7.342000000000e+22	1.492830353147e+11	1.253744364615e+10	0.000000000000e+00	-3.318533974708e+03	3.015656892404e+04	0.000000000000e+00	-5.250443884011e+20	-2.114648184249e+20	0.000000000000e+00
3	1.989100000000e+30	1.589809516075e+03	4.431260991800e+01	0.000000000000e+00	7.562512255830e-03	3.162945057242e-04	0.000000000000e+00	3.573224272164e+22	2.994170572042e+21	0.000000000000e+00	5.972000000000e+24	1.490795156145e+11	1.249404530451e+10	0.000000000000e+00	-2.477180115445e+03	2.968294335471e+04	0.000000000000e+00	-3.521186162858e+22	-2.779407688471e+21	0.000000000000e+00	7.342000000000e+22	1.492494863806e+11	1.283886164370e+10	0.000000000000e+00	-3.389723217589e+03	3.012753642478e+04	0.000000000000e+00	-5.203810930657e+20	-2.147628835716e+20	0.000000000000e+00
3	1.989100000000e+30	1.666350750599e+03	4.755295717381e+01	0.000000000000e+00	7.742137097062e-03	3.315298329477e-04	0.000000000000e+00	3.572620868102e+22	3.065322268455e+21	0.000000000000e+00	5.972000000000e+24	1.490544431130e+11	1.279085080117e+10	0.000000000000e+00	-2.536140599548e+03	2.967823125767e+04	0.000000000000e+00	-3.521055330654e+22	-2.847379360307e+21	0.000000000000e+00	7.342000000000e+22	1.492152288086e+11	1.313998705366e+10	0.000000000000e+00	-3.460272940122e+03	3.009806290487e+04	0.000000000000e+00	-5.156553744806e+20	-2.179429081478e+20	0.000000000000e+00
3	1.989100000000e+30	1.744688077564e+03	5.094748190517e+01	0.000000000000e+00	7.921731239316e-03	3.471228371124e-04	0.000000000000e+00	3.572003289359e+22	3.136461808765e+21	0.000000000000e+00	5.972000000000e+24	1.490287810181e+11	1.308760859608e+10	0.000000000000e+00	-2.595098823198e+03	2.967340525197e+04	0.000000000000e+00	-3.520916293296e+22	-2.915458200888e+21	0.000000000000e+00	7.342000000000e+22	1.491802690366e+11	1.344081554813e+10	0.000000000000e+00	-3.530174829578e+03	3.006816453155e+04	0.000000000000e+00	-5.108699606283e+20	-2.210036078771e+20	0.000000000000e+00
3	1.989100000000e+30	1.824821186346e+03	5.449976056731e+01	0.000000000000e+00	8.101293970040e-03	3.630734563794e-04	0.000000000000e+00	3.571371538449e+22	3.207588910101e+21	0.000000000000e+00	5.972000000000e+24	1.490025293531e+11	1.338431754923e+10	0.000000000000e+00	-2.654054646691e+03	2.966846515736e+04	0.000000000000e+00	-3.520768780416e+22	-2.983645162284e+21	0.000000000000e+00	7.342000000000e+22	1.491446135836e+11	1.374134296176e+10	0.000000000000e+00	-3.599420944847e+03	3.003785764350e+04	0.000000000000e+00	-5.060275803355e+20	-2.239437478165e+20	0.000000000000e+00
3	1.989100000000e+30	1.906749759197e+03	5.821336898979e+01	0.000000000000e+00	8.280824576808e-03	3.793816274877e-04	0.000000000000e+00	3.570725617945e+22	3.278703289624e+21	0.000000000000e+00	5.972000000000e+24	1.489756881428e+11	1.368097651880e+10	0.000000000000e+00	-2.713007925797e+03	2.966341079199e+04	0.000000000000e+00	-3.520612521606e+22	-3.051941149973e+21	0.000000000000e+00	7.342000000000e+22	1.491082690464e+11	1.404156529344e+10	0.000000000000e+00	-3.668003716555e+03	3.000715874434e+04	0.000000000000e+00	-5.011309633850e+20	-2.267621396514e+20	0.000000000000e+00
3	1.989100000000e+30	1.990473471244e+03	6.209188236234e+01	0.000000000000e+00	8.460322347324e-03	3.960472857547e-04	0.000000000000e+00	3.570065530470e+22	3.349804664531e+21	0.000000000000e+00	5.972000000000e+24	1.489482574132e+11	1.397758436116e+10	0.000000000000e+00	-2.771958511758e+03	2.965824197257e+04	0.000000000000e+00	-3.520447246379e+22	-3.120347025455e+21	0.000000000000e+00	7.342000000000e+22	1.490712420954e+11	1.434147870790e+10	0.000000000000e+00	-3.735915947218e+03	2.997608449648e+04	0.000000000000e+00	-4.961828409086e+20	-2.294576390761e+20	0.000000000000e+00
3	1.989100000000e+30	2.075991990493e+03	6.613887522060e+01	0.000000000000e+00	8.639786569426e-03	4.130703650759e-04	0.000000000000e+00	3.569391278705e+22	3.420892752052e+21	0.000000000000e+00	5.972000000000e+24	1.489202371922e+11	1.427413993082e+10	0.000000000000e+00	-2.830906251284e+03	2.965295851438e+04	0.000000000000e+00	-3.520272684099e+22	-3.188863608770e+21	0.000000000000e+00	7.342000000000e+22	1.490335394712e+11	1.464107953730e+10	0.000000000000e+00	-3.803150811474e+03	2.994465171523e+04	0.000000000000e+00	-4.911859460556e+20	-2.320291432818e+20	0.000000000000e+00
3	1.989100000000e+30	2.163304977827e+03	7.035792143190e+01	0.000000000000e+00	8.819216531090e-03	4.304507979254e-04	0.000000000000e+00	3.568702865383e+22	3.491967269455e+21	0.000000000000e+00	5.972000000000e+24	1.488916275090e+11	1.457064208045e+10	0.000000000000e+00	-2.889850986553e+03	2.964756023138e+04	0.000000000000e+00	-3.520088563891e+22	-3.257491680880e+21	0.000000000000e+00	7.342000000000e+22	1.489951679805e+11	1.494036428268e+10	0.000000000000e+00	-3.869701856414e+03	2.991287736341e+04	0.000000000000e+00	-4.861430149244e+20	-2.344755885746e+20	0.000000000000e+00
3	1.989100000000e+30	2.252412087012e+03	7.475259418109e+01	0.000000000000e+00	8.998611520428e-03	4.481885153560e-04	0.000000000000e+00	3.568000293294e+22	3.563027934044e+21	0.000000000000e+00	5.972000000000e+24	1.488624283944e+11	1.486708966084e+10	0.000000000000e+00	-2.948792555203e+03	2.964204693624e+04	0.000000000000e+00	-3.519894614519e+22	-3.326231985902e+21	0.000000000000e+00	7.342000000000e+22	1.489561344930e+11	1.523932961547e+10	0.000000000000e+00	-3.935563002063e+03	2.988077854609e+04	0.000000000000e+00	-4.810567877529e+20	-2.367959481423e+20	0.000000000000e+00
3	1.989100000000e+30	2.343312964694e+03	7.932646595627e+01	0.000000000000e+00	9.177970825696e-03	4.662834469992e-04	0.000000000000e+00	3.567283565280e+22	3.634074463166e+21	0.000000000000e+00	5.972000000000e+24	1.488326398810e+11	1.516348152092e+10	0.000000000000e+00	-3.007730790327e+03	2.963641844042e+04	0.000000000000e+00	-3.519690564245e+22	-3.395085233175e+21	0.000000000000e+00	7.342000000000e+22	1.489164459370e+11	1.553797237882e+10	0.000000000000e+00	-4.000728542049e+03	2.984837250579e+04	0.000000000000e+00	-4.759300103502e+20	-2.389892299910e+20	0.000000000000e+00
3	1.989100000000e+30	2.436007250404e+03	8.408310853464e+01	0.000000000000e+00	9.357293735292e-03	4.847355210658e-04	0.000000000000e+00	3.566552684239e+22	3.705106574208e+21	0.000000000000e+00	5.972000000000e+24	1.488022620030e+11	1.545981650770e+10	0.000000000000e+00	-3.066665520462e+03	2.963067455421e+04	0.000000000000e+00	-3.519476140663e+22	-3.464052099135e+21	0.000000000000e+00	7.342000000000e+22	1.488761092961e+11	1.583628958902e+10	0.000000000000e+00	-4.065193144463e+03	2.981567661781e+04	0.000000000000e+00	-4.707654357620e+20	-2.410544750726e+20	0.000000000000e+00
3	1.989100000000e+30	2.530494576556e+03	8.902609296824e+01	0.000000000000e+00	9.536579537762e-03	5.035446643459e-04	0.000000000000e+00	3.565807653121e+22	3.776123984599e+21	0.000000000000e+00	5.972000000000e+24	1.487712947963e+11	1.575609346632e+10	0.000000000000e+00	-3.125596569578e+03	2.962481508681e+04	0.000000000000e+00	-3.519251070506e+22	-3.533133228981e+21	0.000000000000e+00	7.342000000000e+22	1.488351316053e+11	1.613427843676e+10	0.000000000000e+00	-4.128951852983e+03	2.978270838589e+04	0.000000000000e+00	-4.655658261527e+20	-2.429907556181e+20	0.000000000000e+00
3	1.989100000000e+30	2.626774568451e+03	9.415898956977e+01	0.000000000000e+00	9.715827521804e-03	5.227108022090e-04	0.000000000000e+00	3.565048474931e+22	3.847126411815e+21	0.000000000000e+00	5.972000000000e+24	1.487397382986e+11	1.605231123998e+10	0.000000000000e+00	-3.184523757056e+03	2.961883984636e+04	0.000000000000e+00	-3.519015079442e+22	-3.602329238116e+21	0.000000000000e+00	7.342000000000e+22	1.487935199471e+11	1.643193628839e+10	0.000000000000e+00	-4.192000088254e+03	2.974948543805e+04	0.000000000000e+00	-4.603339548910e+20	-2.447971736987e+20	0.000000000000e+00
3	1.989100000000e+30	2.724846844278e+03	9.948536789839e+01	0.000000000000e+00	9.895036976264e-03	5.422338586043e-04	0.000000000000e+00	3.564275152727e+22	3.918113573376e+21	0.000000000000e+00	5.972000000000e+24	1.487075925496e+11	1.634846866997e+10	0.000000000000e+00	-3.243446897679e+03	2.961274863998e+04	0.000000000000e+00	-3.518767891845e+22	-3.671640713346e+21	0.000000000000e+00	7.342000000000e+22	1.487512814481e+11	1.672926068717e+10	0.000000000000e+00	-4.254333649569e+03	2.971602552261e+04	0.000000000000e+00	-4.550726088206e+20	-2.464728600292e+20	0.000000000000e+00
3	1.989100000000e+30	2.824711015115e+03	1.050087967455e+02	0.000000000000e+00	1.007420719015e-02	5.621137560613e-04	0.000000000000e+00	3.563487689622e+22	3.989085186851e+21	0.000000000000e+00	5.972000000000e+24	1.486748575906e+11	1.664456459564e+10	0.000000000000e+00	-3.302365801596e+03	2.960654127386e+04	0.000000000000e+00	-3.518509230552e+22	-3.741068213821e+21	0.000000000000e+00	7.342000000000e+22	1.487084232747e+11	1.702624935445e+10	0.000000000000e+00	-4.315948716874e+03	2.968234650436e+04	0.000000000000e+00	-4.497845907016e+20	-2.480169730302e+20	0.000000000000e+00
3	1.989100000000e+30	2.926366684931e+03	1.107328441206e+02	0.000000000000e+00	1.025333745261e-02	5.823504156894e-04	0.000000000000e+00	3.562686088782e+22	4.060040969861e+21	0.000000000000e+00	5.972000000000e+24	1.486415334650e+11	1.694059785441e+10	0.000000000000e+00	-3.361280274303e+03	2.960021755324e+04	0.000000000000e+00	-3.518238816601e+22	-3.810612271696e+21	0.000000000000e+00	7.342000000000e+22	1.486649526299e+11	1.732290019078e+10	0.000000000000e+00	-4.376841853116e+03	2.964846636080e+04	0.000000000000e+00	-4.444727218005e+20	-2.494286981653e+20	0.000000000000e+00
3	1.989100000000e+30	3.029813450586e+03	1.166610772369e+02	0.000000000000e+00	1.043242705299e-02	6.029437571786e-04	0.000000000000e+00	3.561870353425e+22	4.130980640076e+21	0.000000000000e+00	5.972000000000e+24	1.486076202181e+11	1.723656728173e+10	0.000000000000e+00	-3.420190116609e+03	2.959377728252e+04	0.000000000000e+00	-3.517956368963e+22	-3.880273392510e+21	0.000000000000e+00	7.342000000000e+22	1.486208767487e+11	1.761921127707e+10	0.000000000000e+00	-4.437010006947e+03	2.961440317856e+04	0.000000000000e+00	-4.391398446128e+20	-2.507072475660e+20	0.000000000000e+00
3	1.989100000000e+30	3.135050901837e+03	1.227970624974e+02	0.000000000000e+00	1.061147528075e-02	6.238936987998e-04	0.000000000000e+00	3.561040486824e+22	4.201903915221e+21	0.000000000000e+00	5.972000000000e+24	1.485731178973e+11	1.753247171110e+10	0.000000000000e+00	-3.479095124593e+03	2.958722026528e+04	0.000000000000e+00	-3.517661604254e+22	-3.950052055261e+21	0.000000000000e+00	7.342000000000e+22	1.485762028949e+11	1.791518087562e+10	0.000000000000e+00	-4.496450515812e+03	2.958017514971e+04	0.000000000000e+00	-4.337888256937e+20	-2.518518599594e+20	0.000000000000e+00
3	1.989100000000e+30	3.242078621334e+03	1.291443654807e+02	0.000000000000e+00	1.079048142556e-02	6.452001574047e-04	0.000000000000e+00	3.560196492304e+22	4.272810513075e+21	0.000000000000e+00	5.972000000000e+24	1.485380265519e+11	1.782830997405e+10	0.000000000000e+00	-3.537995089572e+03	2.958054630429e+04	0.000000000000e+00	-3.517354236447e+22	-4.019948712166e+21	0.000000000000e+00	7.342000000000e+22	1.485309383568e+11	1.821080743118e+10	0.000000000000e+00	-4.555161109432e+03	2.954580056814e+04	0.000000000000e+00	-4.284225585791e+20	-2.528618009081e+20	0.000000000000e+00
3	1.989100000000e+30	3.350896184626e+03	1.357065509263e+02	0.000000000000e+00	1.096944477722e-02	6.668630484264e-04	0.000000000000e+00	3.559338373246e+22	4.343700151474e+21	0.000000000000e+00	5.972000000000e+24	1.485023462336e+11	1.812408090013e+10	0.000000000000e+00	-3.596889798043e+03	2.957375520161e+04	0.000000000000e+00	-3.517033976569e+22	-4.089963788099e+21	0.000000000000e+00	7.342000000000e+22	1.484850904436e+11	1.850608957195e+10	0.000000000000e+00	-4.613139913680e+03	2.951129782591e+04	0.000000000000e+00	-4.230439667694e+20	-2.537363633756e+20	0.000000000000e+00
3	1.989100000000e+30	3.461503160159e+03	1.424871827212e+02	0.000000000000e+00	1.114836462574e-02	6.888822858797e-04	0.000000000000e+00	3.558466133081e+22	4.414572548316e+21	0.000000000000e+00	5.972000000000e+24	1.484660769958e+11	1.841978331691e+10	0.000000000000e+00	-3.655779031643e+03	2.956684675861e+04	0.000000000000e+00	-3.516700532405e+22	-4.160097679691e+21	0.000000000000e+00	7.342000000000e+22	1.484386664809e+11	1.880102611052e+10	0.000000000000e+00	-4.670385454877e+03	2.947668540938e+04	0.000000000000e+00	-4.176560067577e+20	-2.544748686247e+20	0.000000000000e+00
3	1.989100000000e+30	3.573899109283e+03	1.494898238851e+02	0.000000000000e+00	1.132724026128e-02	7.112577823612e-04	0.000000000000e+00	3.557579775294e+22	4.485427421556e+21	0.000000000000e+00	5.972000000000e+24	1.484292188946e+11	1.871541604998e+10	0.000000000000e+00	-3.714662567081e+03	2.955982077601e+04	0.000000000000e+00	-3.516353608186e+22	-4.230350754097e+21	0.000000000000e+00	7.342000000000e+22	1.483916738071e+11	1.909561604482e+10	0.000000000000e+00	-4.726896664494e+03	2.944198189537e+04	0.000000000000e+00	-4.122616710728e+20	-2.550766674589e+20	0.000000000000e+00
3	1.989100000000e+30	3.688083586247e+03	1.567180365564e+02	0.000000000000e+00	1.150607097418e-02	7.339894490497e-04	0.000000000000e+00	3.556679303423e+22	4.556264489213e+21	0.000000000000e+00	5.972000000000e+24	1.483917719881e+11	1.901097792292e+10	0.000000000000e+00	-3.773540176084e+03	2.955267705396e+04	0.000000000000e+00	-3.515992904291e+22	-4.300723347401e+21	0.000000000000e+00	7.342000000000e+22	1.483441197693e+11	1.938985855898e+10	0.000000000000e+00	-4.782672884271e+03	2.940720594693e+04	0.000000000000e+00	-4.068639913138e+20	-2.555411418121e+20	0.000000000000e+00
3	1.989100000000e+30	3.804056138208e+03	1.641753819782e+02	0.000000000000e+00	1.168485605495e-02	7.570771957066e-04	0.000000000000e+00	3.555764721059e+22	4.627083469374e+21	0.000000000000e+00	5.972000000000e+24	1.483537363368e+11	1.930646775731e+10	0.000000000000e+00	-3.832411625324e+03	2.954541539206e+04	0.000000000000e+00	-3.515618116944e+22	-4.371215762682e+21	0.000000000000e+00	7.342000000000e+22	1.482960117190e+11	1.968375302419e+10	0.000000000000e+00	-4.837713871750e+03	2.937237630907e+04	0.000000000000e+00	-4.014660411501e+20	-2.558677066918e+20	0.000000000000e+00
3	1.989100000000e+30	3.921816305226e+03	1.718654204839e+02	0.000000000000e+00	1.186359479430e-02	7.805209306761e-04	0.000000000000e+00	3.554836031847e+22	4.697884080187e+21	0.000000000000e+00	5.972000000000e+24	1.483151120033e+11	1.960188437273e+10	0.000000000000e+00	-3.891276676353e+03	2.953803558944e+04	0.000000000000e+00	-3.515228937921e+22	-4.441828267706e+21	0.000000000000e+00	7.342000000000e+22	1.482473570079e+11	1.997729899949e+10	0.000000000000e+00	-4.892019806208e+03	2.933751180400e+04	0.000000000000e+00	-3.960709392572e+20	-2.560558124816e+20	0.000000000000e+00
3	1.989100000000e+30	4.041363620271e+03	1.797917114831e+02	0.000000000000e+00	1.204228648313e-02	8.043205608858e-04	0.000000000000e+00	3.553893239482e+22	4.768666039874e+21	0.000000000000e+00	5.972000000000e+24	1.482758990530e+11	1.989722658675e+10	0.000000000000e+00	-3.950135085518e+03	2.953053744480e+04	0.000000000000e+00	-3.514825054266e+22	-4.512561092273e+21	0.000000000000e+00	7.342000000000e+22	1.481981629838e+11	2.027049623251e+10	0.000000000000e+00	-4.945591294986e+03	2.930263132622e+04	0.000000000000e+00	-3.906818521629e+20	-2.561049476013e+20	0.000000000000e+00
3	1.989100000000e+30	4.162697609220e+03	1.879578134476e+02	0.000000000000e+00	1.222093041249e-02	8.284759918465e-04	0.000000000000e+00	3.552936347716e+22	4.839429066724e+21	0.000000000000e+00	5.972000000000e+24	1.482360975536e+11	2.019249321492e+10	0.000000000000e+00	-4.008986603884e+03	2.952292075651e+04	0.000000000000e+00	-3.514406148018e+22	-4.583414425194e+21	0.000000000000e+00	7.342000000000e+22	1.481484369863e+11	2.056334466017e+10	0.000000000000e+00	-4.998429380198e+03	2.926775383706e+04	0.000000000000e+00	-3.853019969727e+20	-2.560146415293e+20	0.000000000000e+00
3	1.989100000000e+30	4.285817790867e+03	1.963672838968e+02	0.000000000000e+00	1.239952587366e-02	8.529871276533e-04	0.000000000000e+00	3.551965360349e+22	4.910172879099e+21	0.000000000000e+00	5.972000000000e+24	1.481957075752e+11	2.048768307077e+10	0.000000000000e+00	-4.067830977149e+03	2.951518532265e+04	0.000000000000e+00	-3.513971895955e+22	-4.654388410918e+21	0.000000000000e+00	7.342000000000e+22	1.480981863421e+11	2.085584440933e+10	0.000000000000e+00	-5.050535545799e+03	2.923289835891e+04	0.000000000000e+00	-3.799346439457e+20	-2.557844681808e+20	0.000000000000e+00
3	1.989100000000e+30	4.410723676913e+03	2.050236793842e+02	0.000000000000e+00	1.257807215810e-02	8.778538709853e-04	0.000000000000e+00	3.550980281238e+22	4.980897195439e+21	0.000000000000e+00	5.972000000000e+24	1.481547291906e+11	2.078279496582e+10	0.000000000000e+00	-4.126667945550e+03	2.950733094110e+04	0.000000000000e+00	-3.513521969349e+22	-4.725483145797e+21	0.000000000000e+00	7.342000000000e+22	1.480474183610e+11	2.114799579735e+10	0.000000000000e+00	-5.101911724997e+03	2.919808396888e+04	0.000000000000e+00	-3.745831188913e+20	-2.554140496421e+20	0.000000000000e+00
3	1.989100000000e+30	4.537414771980e+03	2.139305554825e+02	0.000000000000e+00	1.275656855745e-02	9.030761231065e-04	0.000000000000e+00	3.549981114290e+22	5.051601734256e+21	0.000000000000e+00	5.972000000000e+24	1.481131624752e+11	2.107782770956e+10	0.000000000000e+00	-4.185497243772e+03	2.949935740961e+04	0.000000000000e+00	-3.513056033754e+22	-4.796698674003e+21	0.000000000000e+00	7.342000000000e+22	1.479961403310e+11	2.143979933260e+10	0.000000000000e+00	-5.152560307969e+03	2.916332979200e+04	0.000000000000e+00	-3.692508053566e+20	-2.549030602530e+20	0.000000000000e+00
3	1.989100000000e+30	4.665890573605e+03	2.230914667702e+02	0.000000000000e+00	1.293501436356e-02	9.286537838658e-04	0.000000000000e+00	3.548967863465e+22	5.122286214145e+21	0.000000000000e+00	5.972000000000e+24	1.480710075071e+11	2.137278010945e+10	0.000000000000e+00	-4.244318600850e+03	2.949126452593e+04	0.000000000000e+00	-3.512573748808e+22	-4.868034983115e+21	0.000000000000e+00	7.342000000000e+22	1.479443595139e+11	2.173125571493e+10	0.000000000000e+00	-5.202484149868e+03	2.912865499372e+04	0.000000000000e+00	-3.639411465707e+20	-2.542512310299e+20	0.000000000000e+00
3	1.989100000000e+30	4.796150572244e+03	2.325099668166e+02	0.000000000000e+00	1.311340886849e-02	9.545867516976e-04	0.000000000000e+00	3.547940532778e+22	5.192950353779e+21	0.000000000000e+00	5.972000000000e+24	1.480282643671e+11	2.166765097095e+10	0.000000000000e+00	-4.303131740066e+03	2.948305208787e+04	0.000000000000e+00	-3.512074768066e+22	-4.939491999359e+21	0.000000000000e+00	7.342000000000e+22	1.478920831406e+11	2.202236583602e+10	0.000000000000e+00	-5.251686579065e+03	2.909407877197e+04	0.000000000000e+00	-3.586576471192e+20	-2.534583544195e+20	0.000000000000e+00
3	1.989100000000e+30	4.928194251277e+03	2.421896081687e+02	0.000000000000e+00	1.329175136448e-02	9.808749236221e-04	0.000000000000e+00	3.546899126294e+22	5.263593871914e+21	0.000000000000e+00	5.972000000000e+24	1.479849331389e+11	2.196243909748e+10	0.000000000000e+00	-4.361936378850e+03	2.947471989341e+04	0.000000000000e+00	-3.511558738862e+22	-5.011069582545e+21	0.000000000000e+00	7.342000000000e+22	1.478393184061e+11	2.231313077965e+10	0.000000000000e+00	-5.300171405611e+03	2.905962034834e+04	0.000000000000e+00	-3.534038743144e+20	-2.525242893697e+20	0.000000000000e+00
3	1.989100000000e+30	5.062021087005e+03	2.521339423360e+02	0.000000000000e+00	1.347004114400e-02	1.007518195246e-03	0.000000000000e+00	3.545843648132e+22	5.334216487394e+21	0.000000000000e+00	5.972000000000e+24	1.479410139088e+11	2.225714329044e+10	0.000000000000e+00	-4.420732228671e+03	2.946626774084e+04	0.000000000000e+00	-3.511025302209e+22	-5.082767520690e+21	0.000000000000e+00	7.342000000000e+22	1.477860724650e+11	2.260355182188e+10	0.000000000000e+00	-5.347942929854e+03	2.902529895874e+04	0.000000000000e+00	-3.481834592306e+20	-2.514489667037e+20	0.000000000000e+00
3	1.989100000000e+30	5.197630548655e+03	2.623465197771e+02	0.000000000000e+00	1.364827749971e-02	1.034516460763e-03	0.000000000000e+00	3.544774102463e+22	5.404817919146e+21	0.000000000000e+00	5.972000000000e+24	1.478965067663e+11	2.255176234924e+10	0.000000000000e+00	-4.479518994934e+03	2.945769542886e+04	0.000000000000e+00	-3.510474092726e+22	-5.154585524368e+21	0.000000000000e+00	7.342000000000e+22	1.477323524263e+11	2.289363043119e+10	0.000000000000e+00	-5.395005951174e+03	2.899113384316e+04	0.000000000000e+00	-3.430000973756e+20	-2.502323947778e+20	0.000000000000e+00
3	1.989100000000e+30	5.335022098384e+03	2.728308898853e+02	0.000000000000e+00	1.382645972450e-02	1.061869612952e-03	0.000000000000e+00	3.543690493513e+22	5.475397886188e+21	0.000000000000e+00	5.972000000000e+24	1.478514118038e+11	2.284629507124e+10	0.000000000000e+00	-4.538296376870e+03	2.944900275673e+04	0.000000000000e+00	-3.509904738617e+22	-5.226523220784e+21	0.000000000000e+00	7.342000000000e+22	1.476781653482e+11	2.318336826841e+10	0.000000000000e+00	-5.441365776781e+03	2.895714423473e+04	0.000000000000e+00	-3.378575489649e+20	-2.488746654041e+20	0.000000000000e+00
3	1.989100000000e+30	5.474195191277e+03	2.835906009746e+02	0.000000000000e+00	1.400458711145e-02	1.089577543183e-03	0.000000000000e+00	3.542592825559e+22	5.545956107631e+21	0.000000000000e+00	5.972000000000e+24	1.478057291166e+11	2.314074025183e+10	0.000000000000e+00	-4.597064067430e+03	2.944018952440e+04	0.000000000000e+00	-3.509316861681e+22	-5.298580147617e+21	0.000000000000e+00	7.342000000000e+22	1.476235182336e+11	2.347276718664e+10	0.000000000000e+00	-5.487028230527e+03	2.892334934793e+04	0.000000000000e+00	-3.327596387724e+20	-2.473759600140e+20	0.000000000000e+00
3	1.989100000000e+30	5.615149275351e+03	2.946292002651e+02	0.000000000000e+00	1.418265895387e-02	1.117640141411e-03	0.000000000000e+00	3.541481102930e+22	5.616492302677e+21	0.000000000000e+00	5.972000000000e+24	1.477594588033e+11	2.343509668440e+10	0.000000000000e+00	-4.655821753178e+03	2.943125553270e+04	0.000000000000e+00	-3.508710077377e+22	-5.370755746642e+21	0.000000000000e+00	7.342000000000e+22	1.475684180242e+11	2.376182923095e+10	0.000000000000e+00	-5.531999661662e+03	2.888976836591e+04	0.000000000000e+00	-3.277102555246e+20	-2.457365560355e+20	0.000000000000e+00
3	1.989100000000e+30	5.757883791557e+03	3.059502338698e+02	0.000000000000e+00	1.436067454529e-02	1.146057296182e-03	0.000000000000e+00	3.540355330010e+22	5.687006190624e+21	0.000000000000e+00	5.972000000000e+24	1.477126009654e+11	2.372936316032e+10	0.000000000000e+00	-4.714569114184e+03	2.942220058346e+04	0.000000000000e+00	-3.508083994928e+22	-5.443049357166e+21	0.000000000000e+00	7.342000000000e+22	1.475128715955e+11	2.405055663804e+10	0.000000000000e+00	-5.576286953469e+03	2.885642042701e+04	0.000000000000e+00	-3.227133508153e+20	-2.439568334575e+20	0.000000000000e+00
3	1.989100000000e+30	5.902398173784e+03	3.175572467794e+02	0.000000000000e+00	1.453863317946e-02	1.174828894628e-03	0.000000000000e+00	3.539215511235e+22	5.757497490867e+21	0.000000000000e+00	5.972000000000e+24	1.476651557081e+11	2.402353846903e+10	0.000000000000e+00	-4.773305823925e+03	2.941302447971e+04	0.000000000000e+00	-3.507438217484e+22	-5.515460209320e+21	0.000000000000e+00	7.342000000000e+22	1.474568857515e+11	2.433895183570e+10	0.000000000000e+00	-5.619897531728e+03	2.882332461029e+04	0.000000000000e+00	-3.177729375102e+20	-2.420372815476e+20	0.000000000000e+00
3	1.989100000000e+30	6.048691848857e+03	3.294537828493e+02	0.000000000000e+00	1.471653415035e-02	1.203954822474e-03	0.000000000000e+00	3.538061651094e+22	5.827965922903e+21	0.000000000000e+00	5.972000000000e+24	1.476171231393e+11	2.431762139798e+10	0.000000000000e+00	-4.832031549180e+03	2.940372702587e+04	0.000000000000e+00	-3.506772342333e+22	-5.587987417214e+21	0.000000000000e+00	7.342000000000e+22	1.474004672193e+11	2.462701744214e+10	0.000000000000e+00	-5.662839372919e+03	2.879049992018e+04	0.000000000000e+00	-3.128930876197e+20	-2.399785056889e+20	0.000000000000e+00
3	1.989100000000e+30	6.196764236545e+03	3.416433847845e+02	0.000000000000e+00	1.489437675217e-02	1.233434964033e-03	0.000000000000e+00	3.536893754131e+22	5.898411206328e+21	0.000000000000e+00	5.972000000000e+24	1.475685033708e+11	2.461161073268e+10	0.000000000000e+00	-4.890745949937e+03	2.939430802795e+04	0.000000000000e+00	-3.506085961169e+22	-5.660629972029e+21	0.000000000000e+00	7.342000000000e+22	1.473436226429e+11	2.491475626517e+10	0.000000000000e+00	-5.705121012094e+03	2.875796527018e+04	0.000000000000e+00	-3.080779296157e+20	-2.377812342987e+20	0.000000000000e+00
3	1.989100000000e+30	6.346614749559e+03	3.541295941262e+02	0.000000000000e+00	1.507216027934e-02	1.263269202208e-03	0.000000000000e+00	3.535711824940e+22	5.968833060844e+21	0.000000000000e+00	5.972000000000e+24	1.475192965175e+11	2.490550525670e+10	0.000000000000e+00	-4.949448679304e+03	2.938476729376e+04	0.000000000000e+00	-3.505378660422e+22	-5.733386735054e+21	0.000000000000e+00	7.342000000000e+22	1.472863585786e+11	2.520217130120e+10	0.000000000000e+00	-5.746751550350e+03	2.872573946566e+04	0.000000000000e+00	-3.033316451729e+20	-2.354463257896e+20	0.000000000000e+00
3	1.989100000000e+30	6.498242793553e+03	3.669159512373e+02	0.000000000000e+00	1.524988402652e-02	1.293457418495e-03	0.000000000000e+00	3.534515868170e+22	6.039231206257e+21	0.000000000000e+00	5.972000000000e+24	1.474695026980e+11	2.519930375171e+10	0.000000000000e+00	-5.008139383417e+03	2.937510463313e+04	0.000000000000e+00	-3.504650021638e+22	-5.806256430729e+21	0.000000000000e+00	7.342000000000e+22	1.472286814885e+11	2.548926573406e+10	0.000000000000e+00	-5.787740661817e+03	2.869384118560e+04	0.000000000000e+00	-2.986584653160e+20	-2.329747755278e+20	0.000000000000e+00
3	1.989100000000e+30	6.651647767133e+03	3.800059952886e+02	0.000000000000e+00	1.542754728862e-02	1.323999492980e-03	0.000000000000e+00	3.533305888524e+22	6.109605362483e+21	0.000000000000e+00	5.972000000000e+24	1.474191220343e+11	2.549300499749e+10	0.000000000000e+00	-5.066817701371e+03	2.936531985814e+04	0.000000000000e+00	-3.503899621928e+22	-5.879237639739e+21	0.000000000000e+00	7.342000000000e+22	1.471705977351e+11	2.577604293364e+10	0.000000000000e+00	-5.828098600072e+03	2.866228896351e+04	0.000000000000e+00	-2.940626659593e+20	-2.303677227443e+20	0.000000000000e+00
3	1.989100000000e+30	6.806829061852e+03	3.934032642444e+02	0.000000000000e+00	1.560514936078e-02	1.354895304343e-03	0.000000000000e+00	3.532081890758e+22	6.179955249546e+21	0.000000000000e+00	5.972000000000e+24	1.473681546521e+11	2.578660777194e+10	0.000000000000e+00	-5.125483265142e+03	2.935541278339e+04	0.000000000000e+00	-3.503127034476e+22	-5.952328792194e+21	0.000000000000e+00	7.342000000000e+22	1.471121135752e+11	2.606250645434e+10	0.000000000000e+00	-5.867836203909e+03	2.863110116734e+04	0.000000000000e+00	-2.895485628251e+20	-2.276264573516e+20	0.000000000000e+00
3	1.989100000000e+30	6.963786062217e+03	4.071112948489e+02	0.000000000000e+00	1.578268953835e-02	1.386144729855e-03	0.000000000000e+00	3.530843879682e+22	6.250280587583e+21	0.000000000000e+00	5.972000000000e+24	1.473166006809e+11	2.608011085113e+10	0.000000000000e+00	-5.184135699533e+03	2.934538322624e+04	0.000000000000e+00	-3.502331829108e+22	-6.025528160969e+21	0.000000000000e+00	7.342000000000e+22	1.470532351545e+11	2.634866003332e+10	0.000000000000e+00	-5.906964902372e+03	2.860029597849e+04	0.000000000000e+00	-2.851205057348e+20	-2.247524266144e+20	0.000000000000e+00
3	1.989100000000e+30	7.122518145689e+03	4.211336226115e+02	0.000000000000e+00	1.596016711698e-02	1.417747645380e-03	0.000000000000e+00	3.529591860159e+22	6.320581096845e+21	0.000000000000e+00	5.972000000000e+24	1.472644602540e+11	2.637351300933e+10	0.000000000000e+00	-5.242774622116e+03	2.933523100706e+04	0.000000000000e+00	-3.501513572932e+22	-6.098833855223e+21	0.000000000000e+00	7.342000000000e+22	1.469939685012e+11	2.663450758849e+10	0.000000000000e+00	-5.945496718968e+03	2.856989136996e+04	0.000000000000e+00	-2.807828722672e+20	-2.217472416225e+20	0.000000000000e+00
3	1.989100000000e+30	7.283024682689e+03	4.354737817933e+02	0.000000000000e+00	1.613758139252e-02	1.449703925379e-03	0.000000000000e+00	3.528325837106e+22	6.390856497700e+21	0.000000000000e+00	5.972000000000e+24	1.472117335085e+11	2.666681301900e+10	0.000000000000e+00	-5.301399643199e+03	2.932495594956e+04	0.000000000000e+00	-3.500671831027e+22	-6.172243814188e+21	0.000000000000e+00	7.342000000000e+22	1.469343195202e+11	2.692005321635e+10	0.000000000000e+00	-5.983444274967e+03	2.853990508352e+04	0.000000000000e+00	-2.765400607853e+20	-2.186126835117e+20	0.000000000000e+00
3	1.989100000000e+30	7.445305036595e+03	4.501353053929e+02	0.000000000000e+00	1.631493166108e-02	1.482013442903e-03	0.000000000000e+00	3.527045815495e+22	6.461106510632e+21	0.000000000000e+00	5.972000000000e+24	1.471584205853e+11	2.696000965089e+10	0.000000000000e+00	-5.360010365794e+03	2.931455788103e+04	0.000000000000e+00	-3.499806167212e+22	-6.245755801254e+21	0.000000000000e+00	7.342000000000e+22	1.468742939872e+11	2.720530118951e+10	0.000000000000e+00	-6.020820791711e+03	2.851035460624e+04	0.000000000000e+00	-2.723964828340e+20	-2.153507093777e+20	0.000000000000e+00
3	1.989100000000e+30	7.609358563748e+03	4.651217251320e+02	0.000000000000e+00	1.649221721903e-02	1.514676069601e-03	0.000000000000e+00	3.525751800352e+22	6.531330856245e+21	0.000000000000e+00	5.972000000000e+24	1.471045216295e+11	2.725310167401e+10	0.000000000000e+00	-5.418606385604e+03	2.930403663267e+04	0.000000000000e+00	-3.498916144860e+22	-6.319367398418e+21	0.000000000000e+00	7.342000000000e+22	1.468138975426e+11	2.749025595407e+10	0.000000000000e+00	-6.057640091852e+03	2.848125714605e+04	0.000000000000e+00	-2.683565549203e+20	-2.119634578270e+20	0.000000000000e+00
3	1.989100000000e+30	7.775184613455e+03	4.804365714417e+02	0.000000000000e+00	1.666943736299e-02	1.547691675718e-03	0.000000000000e+00	3.524443796757e+22	6.601529255266e+21	0.000000000000e+00	5.972000000000e+24	1.470500367902e+11	2.754608785573e+10	0.000000000000e+00	-5.477187291024e+03	2.929339203987e+04	0.000000000000e+00	-3.498001327788e+22	-6.393076001161e+21	0.000000000000e+00	7.342000000000e+22	1.467531356855e+11	2.777492212668e+10	0.000000000000e+00	-6.093916599414e+03	2.845262960669e+04	0.000000000000e+00	-2.644246896889e+20	-2.084532541054e+20	0.000000000000e+00
3	1.989100000000e+30	7.942782527990e+03	4.960833734486e+02	0.000000000000e+00	1.684659138984e-02	1.581060130094e-03	0.000000000000e+00	3.523121809843e+22	6.671701428546e+21	0.000000000000e+00	5.972000000000e+24	1.469949662208e+11	2.783896696177e+10	0.000000000000e+00	-5.535752663156e+03	2.928262394257e+04	0.000000000000e+00	-3.497061281192e+22	-6.466878813796e+21	0.000000000000e+00	7.342000000000e+22	1.466920137677e+11	2.805930449136e+10	0.000000000000e+00	-6.129665338624e+03	2.842448856196e+04	0.000000000000e+00	-2.606052865130e+20	-2.048226147501e+20	0.000000000000e+00
3	1.989100000000e+30	8.112151642598e+03	5.120656589603e+02	0.000000000000e+00	1.702367859671e-02	1.614781300166e-03	0.000000000000e+00	3.521785844801e+22	6.741847097059e+21	0.000000000000e+00	5.972000000000e+24	1.469393100787e+11	2.813173775631e+10	0.000000000000e+00	-5.594302075838e+03	2.927173218553e+04	0.000000000000e+00	-3.496095572649e+22	-6.540772845352e+21	0.000000000000e+00	7.342000000000e+22	1.466305369878e+11	2.834340799607e+10	0.000000000000e+00	-6.164901931418e+03	2.839685022938e+04	0.000000000000e+00	-2.569027215245e+20	-2.010742517064e+20	0.000000000000e+00
3	1.989100000000e+30	8.283291285493e+03	5.283869544518e+02	0.000000000000e+00	1.720069828100e-02	1.648855051968e-03	0.000000000000e+00	3.520435906874e+22	6.811965981907e+21	0.000000000000e+00	5.972000000000e+24	1.468830685257e+11	2.842439900197e+10	0.000000000000e+00	-5.652835095698e+03	2.926071661872e+04	0.000000000000e+00	-3.495103773163e+22	-6.614754906056e+21	0.000000000000e+00	7.342000000000e+22	1.465687103849e+11	2.862723774901e+10	0.000000000000e+00	-6.199642593549e+03	2.836973044331e+04	0.000000000000e+00	-2.533213371152e+20	-1.972110758518e+20	0.000000000000e+00
3	1.989100000000e+30	8.456200777870e+03	5.450507850510e+02	0.000000000000e+00	1.737764974037e-02	1.683281250134e-03	0.000000000000e+00	3.519072001361e+22	6.882057804323e+21	0.000000000000e+00	5.972000000000e+24	1.468262417280e+11	2.871694945991e+10	0.000000000000e+00	-5.711351282216e+03	2.924957709759e+04	0.000000000000e+00	-3.494085458267e+22	-6.688821604447e+21	0.000000000000e+00	7.342000000000e+22	1.465065388332e+11	2.891079901468e+10	0.000000000000e+00	-6.233904129238e+03	2.834314462763e+04	0.000000000000e+00	-2.498654309440e+20	-1.932361998759e+20	0.000000000000e+00
3	1.989100000000e+30	8.630879433897e+03	5.620606745254e+02	0.000000000000e+00	1.755453227275e-02	1.718059757896e-03	0.000000000000e+00	3.517694133617e+22	6.952122285667e+21	0.000000000000e+00	5.972000000000e+24	1.467688298562e+11	2.900938788988e+10	0.000000000000e+00	-5.769850187811e+03	2.923831348346e+04	0.000000000000e+00	-3.493040209168e+22	-6.762969345207e+21	0.000000000000e+00	7.342000000000e+22	1.464440270357e+11	2.919409720957e+10	0.000000000000e+00	-6.267703924286e+03	2.831710776814e+04	0.000000000000e+00	-2.465392444913e+20	-1.891529404599e+20	0.000000000000e+00
3	1.989100000000e+30	8.807326560726e+03	5.794201452674e+02	0.000000000000e+00	1.773134517635e-02	1.753190437085e-03	0.000000000000e+00	3.516302309050e+22	7.022159147434e+21	0.000000000000e+00	5.972000000000e+24	1.467108330854e+11	2.930171305027e+10	0.000000000000e+00	-5.828331357946e+03	2.922692564385e+04	0.000000000000e+00	-3.491967613930e+22	-6.837194327727e+21	0.000000000000e+00	7.342000000000e+22	1.463811795187e+11	2.947713789770e+10	0.000000000000e+00	-6.301059937608e+03	2.829163438463e+04	0.000000000000e+00	-2.433469512092e+20	-1.849648197073e+20	0.000000000000e+00
3	1.989100000000e+30	8.985541458491e+03	5.971327182805e+02	0.000000000000e+00	1.790808774963e-02	1.788673148133e-03	0.000000000000e+00	3.514896533127e+22	7.092168111250e+21	0.000000000000e+00	5.972000000000e+24	1.466522515953e+11	2.959392369817e+10	0.000000000000e+00	-5.886794331255e+03	2.921541345281e+04	0.000000000000e+00	-3.490867268695e+22	-6.911492545473e+21	0.000000000000e+00	7.342000000000e+22	1.463180006261e+11	2.975992678579e+10	0.000000000000e+00	-6.333990691122e+03	2.826673850287e+04	0.000000000000e+00	-2.402926443181e+20	-1.806755657769e+20	0.000000000000e+00
